{
  "name": "Acme corporation Plugin",
  "pluginId": "acme-corporation-plugin-1764721927758-9h63v3b",
  "version": "1.0.0-1764721927758-9h63v3b",
  "mode": "direct-mode",
  "description": "Plugin généré pour Acme corporation",
  "license": "MIT",
  "category": "landing",
  "pages": [
    {
      "path": "/",
      "features": [
        "landing"
      ],
      "isDefault": true,
      "remappable": false
    },
    {
      "path": "/checkout",
      "features": [
        {
          "type": "checkout"
        }
      ],
      "remappable": true
    },
    {
      "path": "/upsell/:orderId",
      "features": [
        {
          "type": "upsell",
          "requirements": [
            {
              "resource": "order",
              "params": [
                {
                  "name": "id",
                  "type": "path"
                }
              ]
            }
          ]
        }
      ],
      "remappable": true
    },
    {
      "path": "/thankyou/:orderId?",
      "features": [
        {
          "type": "thankyou",
          "requirements": [
            {
              "resource": "order",
              "params": [
                {
                  "name": "id",
                  "type": "path",
                  "optional": true
                }
              ]
            }
          ]
        }
      ],
      "remappable": true
    },
    {
      "path": "/product/:productId",
      "features": [
        "product"
      ],
      "remappable": true
    },
    {
      "path": "/about",
      "features": [
        "content"
      ],
      "remappable": true
    },
    {
      "path": "/contact",
      "features": [
        "content"
      ],
      "remappable": true
    }
  ]
}