{
  "storeId": "store_010c1a8f06d2",
  "accountId": "acc_3518f91de2db",
  "basePath": "/",
  "config": {
    "plugin": {
      "name": "cloackshop PluginV2",
      "pluginId": "cloackshop-pluginv2-1764806015201-41ipsh4",
      "version": "1.0.0-1764806015201-41ipsh4",
      "mode": "direct-mode",
      "description": "Plugin généré pour cloackshop",
      "license": "MIT",
      "category": "landing"
    },
    "site": {
      "originalSiteUrl": "https://cloackshop.com/",
      "mode": "duplicated",
      "duplicatedSiteName": "cloackshop Dupliqué",
      "duplicatedSiteLogo": "",
      "duplicatedSiteUrl": "",
      "apiKey": "8daea869-858d-428e-bb26-cfddb428d33f",
      "apiTimeout": 10000,
      "configApiUrl": "",
      "redirectParam": "tagada",
      "redirectParamValue": ""
    },
    "productCustomizations": [
      {
        "id": "product_649e29e874f4",
        "title": "pr2clock",
        "price": 16,
        "description": "desc pr2",
        "image": "https://th9llsxpg16laoh4.public.blob.vercel-storage.com/orgs/org_36FeTg9zAXgGLckp5Gqh7J4OQ8b/images/cbdb690b-5f83-4bf8-92e0-f0585c7c9c95"
      },
      {
        "id": "product_c2f97eb68713",
        "title": "pr1clo",
        "price": 13,
        "description": "pr desc1",
        "image": "https://th9llsxpg16laoh4.public.blob.vercel-storage.com/orgs/org_36FeTg9zAXgGLckp5Gqh7J4OQ8b/images/ad1b8261-55e1-454f-ae5e-e4df6037319f"
      }
    ]
  }
}