{
  "hero": {
    "title": "UNLEASH YOUR RIDE'S FULL POTENTIAL",
    "subtitle": "Experience the ultimate shine and protection with our premium car care products.",
    "ctaButton": "DISCOVER YOUR CAR'S SECRET WEAPONS",
    "backgroundImage": "http://localhost:4566/tagada-cmj319uut0002n2it8vv45hoo-1765554049380/sites/cmj319uut0002n2it8vv45hoo/cmj332a7e000sn2ithhc50m88/content-1765557038839-ziwvx.jpeg-1765557038839.jpeg"
  },
  "branding": {
    "logo": {
      "type": "svg",
      "svgPath": "M12.0799 24L4 19.2479L9.95537 8.75216L18.04 13.4961L18.0446 4H29.9554L29.96 13.4961L38.0446 8.75216L44 19.2479L35.92 24L44 28.7521L38.0446 39.2479L29.96 34.5039L29.9554 44H18.0446L18.04 34.5039L9.95537 39.2479L4 28.7521L12.0799 24Z"
    },
    "tagline": "Revive Your Ride with Premium Care",
    "storeName": "PluginDali",
    "description": "PluginDali offers a curated selection of top-notch car care products, from detailing supplies to performance enhancers, ensuring your vehicle looks great and runs smoothly.",
    "storeNameShort": "PLUGINDALI"
  },
  "sections": {
    "blog": {
      "title": "FROM THE JOURNAL",
      "viewAll": "View All",
      "articles": [
        {
          "image": "http://localhost:4566/tagada-cmj319uut0002n2it8vv45hoo-1765554049380/sites/cmj319uut0002n2it8vv45hoo/cmj332a7e000sn2ithhc50m88/content-1765557041233-8ae4eh.jpeg-1765557041233.jpeg",
          "title": "Top 5 Car Wax Products for a Brilliant Shine",
          "category": "PRODUCT REVIEWS",
          "description": "Discover the best car wax products on the market that can give your vehicle a stunning shine while also providing protection from the elements. This article will guide car care enthusiasts in selecting the perfect wax for their needs."
        },
        {
          "image": "http://localhost:4566/tagada-cmj319uut0002n2it8vv45hoo-1765554049380/sites/cmj319uut0002n2it8vv45hoo/cmj332a7e000sn2ithhc50m88/content-1765557041565-sz9bl.jpeg-1765557041565.jpeg",
          "title": "How to Detail Your Car Like a Professional at Home",
          "category": "DIY TIPS",
          "description": "Learn step-by-step tips and techniques to detail your car at home, utilizing effective car care products that can save you time and money. This article is a must-read for car care lovers looking to achieve a professional finish without the high costs."
        },
        {
          "image": "http://localhost:4566/tagada-cmj319uut0002n2it8vv45hoo-1765554049380/sites/cmj319uut0002n2it8vv45hoo/cmj332a7e000sn2ithhc50m88/content-1765557041812-tzek25.jpeg-1765557041813.jpeg",
          "title": "Essential Car Care Products for Long-Lasting Vehicle Health",
          "category": "MAINTENANCE",
          "description": "Explore the essential car care products that every vehicle owner should have to maintain their car’s performance and appearance. This article will help you understand what products are crucial for long-term automotive upkeep."
        }
      ],
      "readMore": "Read More →"
    },
    "categories": {
      "items": [
        {
          "name": "Car Wash",
          "image": "http://localhost:4566/tagada-cmj319uut0002n2it8vv45hoo-1765554049380/sites/cmj319uut0002n2it8vv45hoo/cmj332a7e000sn2ithhc50m88/content-1765557040031-b3tyrk.jpeg-1765557040031.jpeg"
        },
        {
          "name": "Interior Care",
          "image": "http://localhost:4566/tagada-cmj319uut0002n2it8vv45hoo-1765554049380/sites/cmj319uut0002n2it8vv45hoo/cmj332a7e000sn2ithhc50m88/content-1765557040373-7d39m.jpeg-1765557040373.jpeg"
        },
        {
          "name": "Exterior Protection",
          "image": "http://localhost:4566/tagada-cmj319uut0002n2it8vv45hoo-1765554049380/sites/cmj319uut0002n2it8vv45hoo/cmj332a7e000sn2ithhc50m88/content-1765557040744-jre96y8.jpeg-1765557040744.jpeg"
        },
        {
          "name": "Maintenance Tools",
          "image": "http://localhost:4566/tagada-cmj319uut0002n2it8vv45hoo-1765554049380/sites/cmj319uut0002n2it8vv45hoo/cmj332a7e000sn2ithhc50m88/content-1765557041003-xatnc8.jpeg-1765557041003.jpeg"
        }
      ],
      "title": "SHOP BY CATEGORY"
    },
    "philosophy": {
      "title": "MASTERING THE ART OF CAR CARE",
      "features": [
        {
          "icon": "verified",
          "title": "Premium Quality Assurance",
          "description": "We provide only the highest quality car care products, ensuring your vehicle receives the best treatment possible."
        },
        {
          "icon": "local_shipping",
          "title": "Fast & Reliable Delivery",
          "description": "Enjoy swift shipping on all orders, so you can give your car the care it needs without delay."
        },
        {
          "icon": "design_services",
          "title": "Expertly Curated Selection",
          "description": "Our products are carefully selected by automotive enthusiasts, ensuring you have access to the best tools and solutions for your car."
        }
      ],
      "description": "At PluginDali, we believe that your vehicle deserves the finest care available. Our commitment to quality and innovation ensures that every product enhances your car's performance and longevity, reflecting our passion for automotive excellence."
    },
    "gearJourney": {
      "items": [
        {
          "image": "http://localhost:4566/tagada-cmj319uut0002n2it8vv45hoo-1765554049380/sites/cmj319uut0002n2it8vv45hoo/cmj332a7e000sn2ithhc50m88/content-1765557039207-ed9o5l.jpeg-1765557039207.jpeg",
          "title": "LONG-LASTING SHINE"
        },
        {
          "image": "http://localhost:4566/tagada-cmj319uut0002n2it8vv45hoo-1765554049380/sites/cmj319uut0002n2it8vv45hoo/cmj332a7e000sn2ithhc50m88/content-1765557039495-i12h0s.jpeg-1765557039495.jpeg",
          "title": "EASY APPLICATION"
        },
        {
          "image": "http://localhost:4566/tagada-cmj319uut0002n2it8vv45hoo-1765554049380/sites/cmj319uut0002n2it8vv45hoo/cmj332a7e000sn2ithhc50m88/content-1765557039775-062b6.jpeg-1765557039775.jpeg",
          "title": "PROFESSIONAL GRADE"
        }
      ],
      "title": "GEAR FOR YOUR JOURNEY"
    }
  },
  "navigation": {
    "home": "Home",
    "shop": "Shop",
    "about": "About"
  }
}