{
  "pluginId": "pluginv1",
  "name": "pluginv1",
  "version": "1.0.0",
  "description": "pluginv1",
  "author": "pluginv1",
  "pages": [
    {
      "path": "/",
      "features": [
        "landing"
      ],
      "isDefault": true,
      "remappable": false
    },
    {
      "path": "/checkout",
      "features": [
        {
          "type": "checkout"
        }
      ],
      "remappable": true
    },
    {
      "path": "/thankyou/:orderId",
      "features": [
        {
          "type": "thankyou"
        }
      ],
      "remappable": true
    }
  ],
  "mode": "direct-mode"
}