{
  "mode": "direct-mode",
  "name": "plugindali",
  "tags": [],
  "pages": [
    {
      "path": "/",
      "isEntry": true,
      "features": [
        "landing"
      ],
      "isDefault": true,
      "remappable": false,
      "description": "Landing page"
    },
    {
      "path": "/checkout",
      "features": [
        {
          "type": "checkout",
          "requirements": [
            {
              "from": [
                {
                  "name": "checkoutToken",
                  "type": "query"
                }
              ],
              "resource": "checkoutSession"
            }
          ]
        }
      ],
      "remappable": true,
      "description": "Checkout flow"
    },
    {
      "path": "/thankyou/:orderId",
      "features": [
        {
          "type": "thankyou",
          "requirements": [
            {
              "from": [
                {
                  "name": "id",
                  "type": "path"
                }
              ],
              "resource": "order"
            }
          ]
        }
      ],
      "remappable": true,
      "description": "Thank you page with order details"
    }
  ],
  "author": "",
  "router": {
    "matcher": ".*",
    "basePath": "/",
    "excluder": null
  },
  "license": "MIT",
  "version": "1.0.0",
  "category": "checkout",
  "homepage": "",
  "pluginId": "plugindali",
  "description": "watatatatat",
  "requirements": {
    "sdk": "^2.2.0",
    "sdkVersion": "v2"
  }
}