{
  "storeId": "store_4762316018ce",
  "accountId": "acc_3518f91de2db",
  "basePath": "/",
  "config": {
    "plugin": {
      "name": "Acme corporation PluginV2",
      "pluginId": "acme-corporation-pluginv2-1764729351084-gqfe9ws",
      "version": "1.0.2-1764729351084-gqfe9ws",
      "mode": "direct-mode",
      "description": "Plugin généré pour Acme corporation",
      "license": "MIT",
      "category": "landing"
    },
    "site": {
      "originalSiteUrl": "https://gymkartel.com/",
      "mode": "duplicated",
      "duplicatedSiteName": "Acme corporation Dupliqué",
      "duplicatedSiteLogo": "",
      "duplicatedSiteUrl": "",
      "apiKey": "1b4bd840-3e52-4a46-afd8-a3f56d42f2bf",
      "apiTimeout": 10000,
      "configApiUrl": "",
      "redirectParam": "tagada",
      "redirectParamValue": ""
    },
    "productCustomizations": [
      {
        "id": "product_0ad93f8336f0",
        "title": "Product2",
        "price": 50,
        "description": "Product2",
        "image": "https://th9llsxpg16laoh4.public.blob.vercel-storage.com/orgs/org_36FeTg9zAXgGLckp5Gqh7J4OQ8b/images/0ae4f986-1ea9-48c8-b330-948f22f99f29"
      },
      {
        "id": "product_24b4349a11ff",
        "title": "Polo Uniforme en Piqué Fille",
        "price": 27,
        "description": "COUPE CLASSIQUE : Confortable et ample au niveau des épaules, de la poitrine et de la taille\nLONGUEUR : 37,5cm à partir du col pour la taille française 3 ans ; 50,8cm pour la taille française 8 ans",
        "image": "https://th9llsxpg16laoh4.public.blob.vercel-storage.com/orgs/org_36FeTg9zAXgGLckp5Gqh7J4OQ8b/images/fa294d10-4012-482a-8a88-b4064841f5be"
      },
      {
        "id": "product_fedb94b8bd92",
        "title": "veste",
        "price": 20,
        "description": "Product original 1",
        "image": "https://th9llsxpg16laoh4.public.blob.vercel-storage.com/orgs/org_36FeTg9zAXgGLckp5Gqh7J4OQ8b/images/98c546ea-bc89-414a-8cf0-18e286aa1c4e"
      }
    ]
  }
}