{
  "hero": {
    "title": "UNLEASH YOUR CAR'S SHINE TODAY",
    "subtitle": "Transform your ride into a showstopper with our premium car care solutions.",
    "ctaButton": "DISCOVER ESSENTIAL PRODUCTS",
    "backgroundImage": "http://localhost:4566/tagada-cmj319uut0002n2it8vv45hoo-1765554049380/sites/cmj319uut0002n2it8vv45hoo/cmj35c1kz000tn2it24i1da1s/content-1765560847654-fuid3.jpeg-1765560847655.jpeg"
  },
  "branding": {
    "logo": {
      "type": "svg",
      "svgPath": "M12.0799 24L4 19.2479L9.95537 8.75216L18.04 13.4961L18.0446 4H29.9554L29.96 13.4961L38.0446 8.75216L44 19.2479L35.92 24L44 28.7521L38.0446 39.2479L29.96 34.5039L29.9554 44H18.0446L18.04 34.5039L9.95537 39.2479L4 28.7521L12.0799 24Z"
    },
    "tagline": "Revitalize Your Ride with Premium Care",
    "storeName": "dady",
    "description": "At dady, we offer an extensive range of top-quality car care products designed to keep your vehicle looking pristine and performing at its best. From waxes and polishes to interior cleaners and detailing kits, we provide everything you need to pamper your car.",
    "storeNameShort": "DADY"
  },
  "sections": {
    "blog": {
      "title": "FROM THE JOURNAL",
      "viewAll": "View All",
      "articles": [
        {
          "image": "http://localhost:4566/tagada-cmj319uut0002n2it8vv45hoo-1765554049380/sites/cmj319uut0002n2it8vv45hoo/cmj35c1kz000tn2it24i1da1s/content-1765560849784-ox3o1.jpeg-1765560849784.jpeg",
          "title": "The Ultimate Guide to Choosing Car Wax for Your Vehicle",
          "category": "PRODUCT SPOTLIGHT",
          "description": "Learn how to select the best car wax based on your vehicle's paint type and climate conditions, ensuring a long-lasting shine and protection for your car."
        },
        {
          "image": "http://localhost:4566/tagada-cmj319uut0002n2it8vv45hoo-1765554049380/sites/cmj319uut0002n2it8vv45hoo/cmj35c1kz000tn2it24i1da1s/content-1765560849991-p0zhoo.jpeg-1765560849991.jpeg",
          "title": "Top 5 DIY Car Cleaning Hacks Every Enthusiast Should Know",
          "category": "MAINTENANCE TIPS",
          "description": "Discover effective and easy DIY cleaning hacks using car care products that will keep your vehicle looking pristine without breaking the bank."
        },
        {
          "image": "http://localhost:4566/tagada-cmj319uut0002n2it8vv45hoo-1765554049380/sites/cmj319uut0002n2it8vv45hoo/cmj35c1kz000tn2it24i1da1s/content-1765560850615-s6far7a.jpeg-1765560850615.jpeg",
          "title": "Innovations in Car Care Products: What’s New in 2023?",
          "category": "TECHNOLOGY INSIGHT",
          "description": "Stay updated with the latest advancements in car care technology, from eco-friendly cleaners to advanced protective coatings, and how they can benefit your vehicle."
        }
      ],
      "readMore": "Read More →"
    },
    "categories": {
      "items": [
        {
          "name": "Cleaning Supplies",
          "image": "http://localhost:4566/tagada-cmj319uut0002n2it8vv45hoo-1765554049380/sites/cmj319uut0002n2it8vv45hoo/cmj35c1kz000tn2it24i1da1s/content-1765560848785-vynnmm.jpeg-1765560848785.jpeg"
        },
        {
          "name": "Wax & Sealants",
          "image": "http://localhost:4566/tagada-cmj319uut0002n2it8vv45hoo-1765554049380/sites/cmj319uut0002n2it8vv45hoo/cmj35c1kz000tn2it24i1da1s/content-1765560848999-hx0rbk.jpeg-1765560848999.jpeg"
        },
        {
          "name": "Interior Care",
          "image": "http://localhost:4566/tagada-cmj319uut0002n2it8vv45hoo-1765554049380/sites/cmj319uut0002n2it8vv45hoo/cmj35c1kz000tn2it24i1da1s/content-1765560849221-u9hkx.jpeg-1765560849221.jpeg"
        },
        {
          "name": "Maintenance Tools",
          "image": "http://localhost:4566/tagada-cmj319uut0002n2it8vv45hoo-1765554049380/sites/cmj319uut0002n2it8vv45hoo/cmj35c1kz000tn2it24i1da1s/content-1765560849545-7nry3s.jpeg-1765560849545.jpeg"
        }
      ],
      "title": "SHOP BY CATEGORY"
    },
    "philosophy": {
      "title": "EXCELLENCE IN CAR CARE SOLUTIONS",
      "features": [
        {
          "icon": "verified",
          "title": "Premium Quality Assurance",
          "description": "We source only the finest ingredients and materials to guarantee that every product meets our high standards for performance and effectiveness."
        },
        {
          "icon": "local_shipping",
          "title": "Fast & Reliable Delivery",
          "description": "Our efficient shipping process ensures that your car care products arrive quickly, so you can keep your vehicle looking its best without delay."
        },
        {
          "icon": "design_services",
          "title": "Innovative Formulations",
          "description": "Our team of experts continuously develops cutting-edge products that tackle the toughest car care challenges, giving you superior results every time."
        }
      ],
      "description": "At dady, we believe that every vehicle deserves the best care possible. Our commitment to quality and innovation ensures that our car care products not only enhance your vehicle's appearance but also protect its value for years to come."
    },
    "gearJourney": {
      "items": [
        {
          "image": "http://localhost:4566/tagada-cmj319uut0002n2it8vv45hoo-1765554049380/sites/cmj319uut0002n2it8vv45hoo/cmj35c1kz000tn2it24i1da1s/content-1765560847874-cf31dq.jpeg-1765560847874.jpeg",
          "title": "EASY APPLICATION"
        },
        {
          "image": "http://localhost:4566/tagada-cmj319uut0002n2it8vv45hoo-1765554049380/sites/cmj319uut0002n2it8vv45hoo/cmj35c1kz000tn2it24i1da1s/content-1765560848247-uyxjq7.jpeg-1765560848247.jpeg",
          "title": "PROTECTIVE FORMULAS"
        },
        {
          "image": "http://localhost:4566/tagada-cmj319uut0002n2it8vv45hoo-1765554049380/sites/cmj319uut0002n2it8vv45hoo/cmj35c1kz000tn2it24i1da1s/content-1765560848468-r6hn8b.jpeg-1765560848468.jpeg",
          "title": "LONG-LASTING SHINE"
        }
      ],
      "title": "GEAR FOR YOUR JOURNEY"
    }
  },
  "navigation": {
    "home": "Home",
    "shop": "Shop",
    "about": "About"
  }
}