{
  "hero": {
    "title": "UNLEASH JOY WITH PREMIUM PET SUPPLIES",
    "subtitle": "Everything your furry friends need to thrive and play.",
    "ctaButton": "EXPLORE HAPPY PET GEAR",
    "backgroundImage": "http://localhost:4566/tagada-cmj2r68xp0001xeit41105i77-1765538304126/sites/cmj2r68xp0001xeit41105i77/cmj2z6qp10001n2it6kz2c5f2/content-1765550518971-dpaa0g.jpeg-1765550518971.jpeg"
  },
  "branding": {
    "logo": {
      "type": "svg",
      "svgPath": "M12.0799 24L4 19.2479L9.95537 8.75216L18.04 13.4961L18.0446 4H29.9554L29.96 13.4961L38.0446 8.75216L44 19.2479L35.92 24L44 28.7521L38.0446 39.2479L29.96 34.5039L29.9554 44H18.0446L18.04 34.5039L9.95537 39.2479L4 28.7521L12.0799 24Z"
    },
    "tagline": "Everything Your Pet Desires, Delivered Fast!",
    "storeName": "testplug1",
    "description": "At testplug1, we provide a wide selection of high-quality pet supplies, from nutritious food to engaging toys, ensuring your furry friends have everything they need to thrive and play.",
    "storeNameShort": "TESTPLUG1"
  },
  "sections": {
    "blog": {
      "title": "FROM THE JOURNAL",
      "viewAll": "View All",
      "articles": [
        {
          "image": "http://localhost:4566/tagada-cmj2r68xp0001xeit41105i77-1765538304126/sites/cmj2r68xp0001xeit41105i77/cmj2z6qp10001n2it6kz2c5f2/content-1765550520810-49fo89.jpeg-1765550520810.jpeg",
          "title": "Top 10 Must-Have Supplies for New Dog Owners",
          "category": "DOG CARE",
          "description": "This article provides essential product recommendations for first-time dog owners, ensuring they have everything needed to create a safe and loving environment for their new furry friend."
        },
        {
          "image": "http://localhost:4566/tagada-cmj2r68xp0001xeit41105i77-1765538304126/sites/cmj2r68xp0001xeit41105i77/cmj2z6qp10001n2it6kz2c5f2/content-1765550521012-j29ud.jpeg-1765550521012.jpeg",
          "title": "The Ultimate Guide to Choosing the Right Cat Litter",
          "category": "CAT PRODUCTS",
          "description": "Explore various types of cat litter available in the market and learn how to select the best option for your feline friend’s needs, helping to maintain their comfort and your home’s cleanliness."
        },
        {
          "image": "http://localhost:4566/tagada-cmj2r68xp0001xeit41105i77-1765538304126/sites/cmj2r68xp0001xeit41105i77/cmj2z6qp10001n2it6kz2c5f2/content-1765550521234-5vj3q.jpeg-1765550521234.jpeg",
          "title": "Understanding Your Pet's Dietary Needs: A Comprehensive Overview",
          "category": "PET NUTRITION",
          "description": "This informative article delves into the nutritional requirements of different pets, guiding readers in selecting the best food and supplements to foster optimal health and well-being for their companions."
        }
      ],
      "readMore": "Read More →"
    },
    "categories": {
      "items": [
        {
          "name": "Dog Food",
          "image": "http://localhost:4566/tagada-cmj2r68xp0001xeit41105i77-1765538304126/sites/cmj2r68xp0001xeit41105i77/cmj2z6qp10001n2it6kz2c5f2/content-1765550519990-rzoqsi.jpeg-1765550519990.jpeg"
        },
        {
          "name": "Cat Toys",
          "image": "http://localhost:4566/tagada-cmj2r68xp0001xeit41105i77-1765538304126/sites/cmj2r68xp0001xeit41105i77/cmj2z6qp10001n2it6kz2c5f2/content-1765550520184-oixid.jpeg-1765550520185.jpeg"
        },
        {
          "name": "Grooming Supplies",
          "image": "http://localhost:4566/tagada-cmj2r68xp0001xeit41105i77-1765538304126/sites/cmj2r68xp0001xeit41105i77/cmj2z6qp10001n2it6kz2c5f2/content-1765550520392-pmps7k.jpeg-1765550520393.jpeg"
        },
        {
          "name": "Pet Beds",
          "image": "http://localhost:4566/tagada-cmj2r68xp0001xeit41105i77-1765538304126/sites/cmj2r68xp0001xeit41105i77/cmj2z6qp10001n2it6kz2c5f2/content-1765550520615-hpqdfh.jpeg-1765550520615.jpeg"
        }
      ],
      "title": "SHOP BY CATEGORY"
    },
    "philosophy": {
      "title": "UNLEASHING JOY IN PET CARE",
      "features": [
        {
          "icon": "verified",
          "title": "Quality Assured Products",
          "description": "We source only the highest quality pet supplies to guarantee safety and satisfaction for both pets and their owners."
        },
        {
          "icon": "local_shipping",
          "title": "Fast & Reliable Shipping",
          "description": "Our efficient shipping ensures that your pet essentials arrive quickly, so you can keep your pet happy and well-cared for without delay."
        },
        {
          "icon": "design_services",
          "title": "Tailored Pet Solutions",
          "description": "We offer a curated selection of products designed to meet the unique needs of your pet, providing personalized care for every pet parent."
        }
      ],
      "description": "At testplug1, we believe that every pet deserves the best. Our commitment to quality and sustainability ensures that your furry friends receive only the finest products that enhance their well-being and happiness."
    },
    "gearJourney": {
      "items": [
        {
          "image": "http://localhost:4566/tagada-cmj2r68xp0001xeit41105i77-1765538304126/sites/cmj2r68xp0001xeit41105i77/cmj2z6qp10001n2it6kz2c5f2/content-1765550519275-eqb3wd.jpeg-1765550519275.jpeg",
          "title": "NUTRITIONAL EXPERTISE"
        },
        {
          "image": "http://localhost:4566/tagada-cmj2r68xp0001xeit41105i77-1765538304126/sites/cmj2r68xp0001xeit41105i77/cmj2z6qp10001n2it6kz2c5f2/content-1765550519576-a7gx09.jpeg-1765550519576.jpeg",
          "title": "TOY SAFETY GUARANTEED"
        },
        {
          "image": "http://localhost:4566/tagada-cmj2r68xp0001xeit41105i77-1765538304126/sites/cmj2r68xp0001xeit41105i77/cmj2z6qp10001n2it6kz2c5f2/content-1765550519788-fwvqyk.jpeg-1765550519788.jpeg",
          "title": "COMFORT & STYLE"
        }
      ],
      "title": "GEAR FOR YOUR JOURNEY"
    }
  },
  "navigation": {
    "home": "Home",
    "shop": "Shop",
    "about": "About"
  }
}