{
  "hero": {
    "title": "REVIVE YOUR RIDE WITH PREMIUM CARE",
    "subtitle": "Transform your vehicle into a shining masterpiece with our expert-selected car care essentials.",
    "ctaButton": "DISCOVER TOP CAR CARE PRODUCTS",
    "backgroundImage": "http://localhost:4566/tagada-cmj319uut0002n2it8vv45hoo-1765554049380/sites/cmj319uut0002n2it8vv45hoo/cmj31dnfp000pn2itqmjzol9s/content-1765554205242-9gjrxt.jpeg-1765554205242.jpeg"
  },
  "branding": {
    "logo": {
      "type": "svg",
      "svgPath": "M12.0799 24L4 19.2479L9.95537 8.75216L18.04 13.4961L18.0446 4H29.9554L29.96 13.4961L38.0446 8.75216L44 19.2479L35.92 24L44 28.7521L38.0446 39.2479L29.96 34.5039L29.9554 44H18.0446L18.04 34.5039L9.95537 39.2479L4 28.7521L12.0799 24Z"
    },
    "tagline": "Revive Your Ride with Quality Care",
    "storeName": "VoitureShop",
    "description": "VoitureShop offers a premium selection of car care products, from detailing supplies to maintenance essentials, ensuring your vehicle stays in pristine condition. Explore our expert-curated range designed for car lovers who demand the best for their rides.",
    "storeNameShort": "VOITURESHOP"
  },
  "sections": {
    "blog": {
      "title": "FROM THE JOURNAL",
      "viewAll": "View All",
      "articles": [
        {
          "image": "http://localhost:4566/tagada-cmj319uut0002n2it8vv45hoo-1765554049380/sites/cmj319uut0002n2it8vv45hoo/cmj31dnfp000pn2itqmjzol9s/content-1765554207577-5zumgl.jpeg-1765554207577.jpeg",
          "title": "Essential Car Cleaning Products Every Enthusiast Should Have",
          "category": "MAINTENANCE",
          "description": "Discover the must-have cleaning products that can help you maintain your car's pristine condition while boosting its resale value, ensuring your investment lasts longer."
        },
        {
          "image": "http://localhost:4566/tagada-cmj319uut0002n2it8vv45hoo-1765554049380/sites/cmj319uut0002n2it8vv45hoo/cmj31dnfp000pn2itqmjzol9s/content-1765554207915-0xo4mwh.jpeg-1765554207915.jpeg",
          "title": "How to Choose the Best Wax for Your Vehicle",
          "category": "PROTECTIVE PRODUCTS",
          "description": "Learn about different types of car waxes and how they can protect your vehicle's paint, offering tips on application techniques and optimal conditions for the best results."
        },
        {
          "image": "http://localhost:4566/tagada-cmj319uut0002n2it8vv45hoo-1765554049380/sites/cmj319uut0002n2it8vv45hoo/cmj31dnfp000pn2itqmjzol9s/content-1765554208253-cdbbff.jpeg-1765554208253.jpeg",
          "title": "DIY Car Detailing: Products That Make a Difference",
          "category": "DIY TIPS",
          "description": "Explore effective DIY detailing products and methods that can enhance your car's interior and exterior without breaking the bank, perfect for hands-on enthusiasts."
        }
      ],
      "readMore": "Read More →"
    },
    "categories": {
      "items": [
        {
          "name": "Exterior Care",
          "image": "http://localhost:4566/tagada-cmj319uut0002n2it8vv45hoo-1765554049380/sites/cmj319uut0002n2it8vv45hoo/cmj31dnfp000pn2itqmjzol9s/content-1765554206322-y0qz5b.jpeg-1765554206322.jpeg"
        },
        {
          "name": "Interior Cleaning",
          "image": "http://localhost:4566/tagada-cmj319uut0002n2it8vv45hoo-1765554049380/sites/cmj319uut0002n2it8vv45hoo/cmj31dnfp000pn2itqmjzol9s/content-1765554206713-nv60yl.jpeg-1765554206713.jpeg"
        },
        {
          "name": "Maintenance Tools",
          "image": "http://localhost:4566/tagada-cmj319uut0002n2it8vv45hoo-1765554049380/sites/cmj319uut0002n2it8vv45hoo/cmj31dnfp000pn2itqmjzol9s/content-1765554207062-q0xj94.jpeg-1765554207062.jpeg"
        },
        {
          "name": "Detailing Supplies",
          "image": "http://localhost:4566/tagada-cmj319uut0002n2it8vv45hoo-1765554049380/sites/cmj319uut0002n2it8vv45hoo/cmj31dnfp000pn2itqmjzol9s/content-1765554207297-nzkbve.jpeg-1765554207297.jpeg"
        }
      ],
      "title": "SHOP BY CATEGORY"
    },
    "philosophy": {
      "title": "DRIVE WITH PRIDE AND PROTECTION",
      "features": [
        {
          "icon": "verified",
          "title": "Quality Assurance",
          "description": "We source only the highest-quality products to ensure your vehicle receives the best care possible."
        },
        {
          "icon": "local_shipping",
          "title": "Fast Delivery",
          "description": "Experience prompt shipping to get your car care products when you need them most, keeping your vehicle looking its best."
        },
        {
          "icon": "design_services",
          "title": "Expert Guidance",
          "description": "Our knowledgeable team is here to provide tailored advice, ensuring you choose the right products for your specific car care needs."
        }
      ],
      "description": "At VoitureShop, we believe that every vehicle tells a story and deserves the finest care. Our commitment is to provide exceptional car care products that enhance performance, preserve value, and celebrate the passion of every car lover."
    },
    "gearJourney": {
      "items": [
        {
          "image": "http://localhost:4566/tagada-cmj319uut0002n2it8vv45hoo-1765554049380/sites/cmj319uut0002n2it8vv45hoo/cmj31dnfp000pn2itqmjzol9s/content-1765554205539-0wvqa.jpeg-1765554205539.jpeg",
          "title": "PROTECTION & SHINE"
        },
        {
          "image": "http://localhost:4566/tagada-cmj319uut0002n2it8vv45hoo-1765554049380/sites/cmj319uut0002n2it8vv45hoo/cmj31dnfp000pn2itqmjzol9s/content-1765554205789-fr5wg.jpeg-1765554205789.jpeg",
          "title": "ECO-FRIENDLY FORMULAS"
        },
        {
          "image": "http://localhost:4566/tagada-cmj319uut0002n2it8vv45hoo-1765554049380/sites/cmj319uut0002n2it8vv45hoo/cmj31dnfp000pn2itqmjzol9s/content-1765554206066-tzsqo7.jpeg-1765554206066.jpeg",
          "title": "EASY APPLICATION"
        }
      ],
      "title": "GEAR FOR YOUR JOURNEY"
    }
  },
  "navigation": {
    "home": "Home",
    "shop": "Shop",
    "about": "About"
  }
}