{
  "storeId": "store_73126828b1cc",
  "accountId": "acc_3518f91de2db",
  "basePath": "/",
  "config": {
    "plugin": {
      "name": "Amineshop Plugin",
      "pluginId": "amineshop-plugin-1764760373741-enzs30k",
      "version": "1.0.0-1764760373741-enzs30k",
      "mode": "direct-mode",
      "description": "Plugin généré pour Amineshop",
      "license": "MIT",
      "category": "landing"
    },
    "site": {
      "originalSiteUrl": "https://amineshop.com/",
      "mode": "duplicated",
      "duplicatedSiteName": "Amineshop Dupliqué",
      "duplicatedSiteLogo": "",
      "duplicatedSiteUrl": "",
      "apiKey": "5e456ed5-63b9-43f9-b42c-dddc6c096c69",
      "apiTimeout": 10000,
      "configApiUrl": "",
      "redirectParam": "tagada",
      "redirectParamValue": ""
    },
    "productCustomizations": [
      {
        "id": "product_7830095d98e7",
        "title": "productAmine",
        "price": 60,
        "description": "description product 2",
        "image": "https://th9llsxpg16laoh4.public.blob.vercel-storage.com/orgs/org_36FeTg9zAXgGLckp5Gqh7J4OQ8b/images/5c0549da-8126-4404-8238-22deea968ce1"
      },
      {
        "id": "product_b7427135241b",
        "title": "ProductDali",
        "price": 30,
        "description": "description product 1",
        "image": "https://th9llsxpg16laoh4.public.blob.vercel-storage.com/orgs/org_36FeTg9zAXgGLckp5Gqh7J4OQ8b/images/d1d45cc9-84f1-42be-8797-12fc8fe4a933"
      }
    ]
  }
}