{
  "hero": {
    "title": "UNLEASH THE BEST FOR YOUR PET",
    "subtitle": "Discover premium supplies that pamper your furry friends and elevate their happiness.",
    "ctaButton": "EXPLORE PET ESSENTIALS",
    "backgroundImage": "http://localhost:4566/tagada-cmj2r68xp0001xeit41105i77-1765538304126/sites/cmj2r68xp0001xeit41105i77/cmj2xgtaw0000n2it9g79gb6m/content-1765547633499-z5znc5.jpeg-1765547633499.jpeg"
  },
  "branding": {
    "logo": {
      "type": "svg",
      "svgPath": "M12.0799 24L4 19.2479L9.95537 8.75216L18.04 13.4961L18.0446 4H29.9554L29.96 13.4961L38.0446 8.75216L44 19.2479L35.92 24L44 28.7521L38.0446 39.2479L29.96 34.5039L29.9554 44H18.0446L18.04 34.5039L9.95537 39.2479L4 28.7521L12.0799 24Z"
    },
    "tagline": "Everything Your Pet Desires, Delivered!",
    "storeName": "testplug1",
    "description": "At testplug1, we provide a wide range of high-quality pet supplies, from nutritious food and engaging toys to comfortable bedding and grooming essentials. Our mission is to enhance the lives of pets and their owners by offering the best products for every furry, feathered, or scaly companion.",
    "storeNameShort": "TESTPLUG1"
  },
  "sections": {
    "blog": {
      "title": "FROM THE JOURNAL",
      "viewAll": "View All",
      "articles": [
        {
          "image": "http://localhost:4566/tagada-cmj2r68xp0001xeit41105i77-1765538304126/sites/cmj2r68xp0001xeit41105i77/cmj2xgtaw0000n2it9g79gb6m/content-1765547635969-hf9b6.jpeg-1765547635969.jpeg",
          "title": "Choosing the Best Grain-Free Pet Food for Your Furry Friend",
          "category": "PET NUTRITION",
          "description": "Explore the benefits and considerations of grain-free diets for pets to help you make informed choices about your pet's nutrition and health."
        },
        {
          "image": "http://localhost:4566/tagada-cmj2r68xp0001xeit41105i77-1765538304126/sites/cmj2r68xp0001xeit41105i77/cmj2xgtaw0000n2it9g79gb6m/content-1765547636191-olek5c.jpeg-1765547636191.jpeg",
          "title": "Top 10 Interactive Toys to Keep Your Pet Entertained",
          "category": "PET TOYS",
          "description": "Discover the best interactive toys that stimulate your pet's mind and provide hours of fun, ensuring they stay active and engaged."
        },
        {
          "image": "http://localhost:4566/tagada-cmj2r68xp0001xeit41105i77-1765538304126/sites/cmj2r68xp0001xeit41105i77/cmj2xgtaw0000n2it9g79gb6m/content-1765547636415-fyv4na.jpeg-1765547636416.jpeg",
          "title": "Essential Tips for Grooming Your Pet at Home",
          "category": "PET CARE",
          "description": "Learn effective grooming techniques and product recommendations that will help maintain your pet’s coat and hygiene, saving you time and money."
        }
      ],
      "readMore": "Read More →"
    },
    "categories": {
      "items": [
        {
          "name": "Pet Food",
          "image": "http://localhost:4566/tagada-cmj2r68xp0001xeit41105i77-1765538304126/sites/cmj2r68xp0001xeit41105i77/cmj2xgtaw0000n2it9g79gb6m/content-1765547634664-096lsb.jpeg-1765547634664.jpeg"
        },
        {
          "name": "Toys & Games",
          "image": "http://localhost:4566/tagada-cmj2r68xp0001xeit41105i77-1765538304126/sites/cmj2r68xp0001xeit41105i77/cmj2xgtaw0000n2it9g79gb6m/content-1765547634973-pfm1w.jpeg-1765547634973.jpeg"
        },
        {
          "name": "Grooming Supplies",
          "image": "http://localhost:4566/tagada-cmj2r68xp0001xeit41105i77-1765538304126/sites/cmj2r68xp0001xeit41105i77/cmj2xgtaw0000n2it9g79gb6m/content-1765547635313-udq9yv.jpeg-1765547635313.jpeg"
        },
        {
          "name": "Health & Wellness",
          "image": "http://localhost:4566/tagada-cmj2r68xp0001xeit41105i77-1765538304126/sites/cmj2r68xp0001xeit41105i77/cmj2xgtaw0000n2it9g79gb6m/content-1765547635634-ptxye5.jpeg-1765547635634.jpeg"
        }
      ],
      "title": "SHOP BY CATEGORY"
    },
    "philosophy": {
      "title": "COMPASSIONATE CARE FOR YOUR PETS",
      "features": [
        {
          "icon": "favorite",
          "title": "Healthy Nutrition Choices",
          "description": "We offer a curated selection of premium pet foods that nourish your pets and support their well-being."
        },
        {
          "icon": "local_shipping",
          "title": "Convenient Home Delivery",
          "description": "Enjoy the convenience of having your pet supplies delivered right to your doorstep, ensuring you always have what you need."
        },
        {
          "icon": "pets",
          "title": "Durable Playtime Products",
          "description": "Our range of toys and accessories are designed for durability and safety, ensuring hours of fun for your furry friends."
        }
      ],
      "description": "At testplug1, we believe that pets are family. Our commitment to providing high-quality pet supplies reflects our passion for enhancing the lives of pets and their owners through sustainable, safe, and enjoyable products."
    },
    "gearJourney": {
      "items": [
        {
          "image": "http://localhost:4566/tagada-cmj2r68xp0001xeit41105i77-1765538304126/sites/cmj2r68xp0001xeit41105i77/cmj2xgtaw0000n2it9g79gb6m/content-1765547633768-dl0r4u.jpeg-1765547633768.jpeg",
          "title": "HEALTHY PET CHOICE"
        },
        {
          "image": "http://localhost:4566/tagada-cmj2r68xp0001xeit41105i77-1765538304126/sites/cmj2r68xp0001xeit41105i77/cmj2xgtaw0000n2it9g79gb6m/content-1765547634059-eyvuo8.jpeg-1765547634059.jpeg",
          "title": "TOYS THAT ENGAGE"
        },
        {
          "image": "http://localhost:4566/tagada-cmj2r68xp0001xeit41105i77-1765538304126/sites/cmj2r68xp0001xeit41105i77/cmj2xgtaw0000n2it9g79gb6m/content-1765547634358-3lrjoe.jpeg-1765547634358.jpeg",
          "title": "SAFE & DURABLE"
        }
      ],
      "title": "GEAR FOR YOUR JOURNEY"
    }
  },
  "navigation": {
    "home": "Home",
    "shop": "Shop",
    "about": "About"
  }
}