{
  "storeId": "store_4762316018ce",
  "accountId": "acc_3518f91de2db",
  "basePath": "/",
  "config": {
    "plugin": {
      "name": "pluginv2",
      "pluginId": "pluginv2",
      "version": "1.0.0",
      "mode": "direct-mode",
      "description": "pluginv2"
    },
    "site": {
      "originalSiteUrl": "https://dalishop-landing.tagadapay.com",
      "mode": "duplicated",
      "duplicatedSiteName": "pluginv2 Dupliqué",
      "duplicatedSiteLogo": "",
      "duplicatedSiteUrl": "",
      "apiKey": "1b4bd840-3e52-4a46-afd8-a3f56d42f2bf",
      "apiTimeout": 10000,
      "configApiUrl": "",
      "redirectParam": "tagada",
      "redirectParamValue": ""
    },
    "productCustomizations": [
      {
        "id": "variant_588c3219d858",
        "title": "Product2",
        "price": 50,
        "description": "Coquille (Avant): 100% Polyuréthane; Coquille (Retour): 100% Polyester; Corps/ Doublure de capuche: 60% Coton, 40% Polyester; Doublure des manches: 100% Polyester; Remplir: 100% Polyester",
        "image": "https://th9llsxpg16laoh4.public.blob.vercel-storage.com/orgs/org_36FeTg9zAXgGLckp5Gqh7J4OQ8b/images/0ae4f986-1ea9-48c8-b330-948f22f99f29"
      },
      {
        "id": "variant_7bfdfda92a20",
        "title": "Coquille10",
        "price": 20,
        "description": "Coquille10",
        "image": "https://th9llsxpg16laoh4.public.blob.vercel-storage.com/orgs/org_36FeTg9zAXgGLckp5Gqh7J4OQ8b/images/0ae4f986-1ea9-48c8-b330-948f22f99f29"
      },
      {
        "id": "variant_0d2cce7a2eb9",
        "title": "polo10",
        "price": 10,
        "description": "polo10",
        "image": "https://th9llsxpg16laoh4.public.blob.vercel-storage.com/orgs/org_36FeTg9zAXgGLckp5Gqh7J4OQ8b/images/fa294d10-4012-482a-8a88-b4064841f5be"
      },
      {
        "id": "variant_c3e80540256e",
        "title": "polo",
        "price": 25,
        "description": "Polo Uniforme en Piqué Fille",
        "image": "https://th9llsxpg16laoh4.public.blob.vercel-storage.com/orgs/org_36FeTg9zAXgGLckp5Gqh7J4OQ8b/images/fa294d10-4012-482a-8a88-b4064841f5be"
      },
      {
        "id": "variant_dc59bbf7b9e0",
        "title": "polo20",
        "price": 20,
        "description": "polo20",
        "image": "https://th9llsxpg16laoh4.public.blob.vercel-storage.com/orgs/org_36FeTg9zAXgGLckp5Gqh7J4OQ8b/images/fa294d10-4012-482a-8a88-b4064841f5be"
      },
      {
        "id": "variant_83b295420e93",
        "title": "productcloacked",
        "price": 200,
        "description": "COUPE : Confortable, il offre un soutien moyen pour les entraînements à impact faible ou moyen et pour les activités sportives quotidiennes\nTOTAL TRAIN : Maille technique extensible d’épaisseur moyenne avec une brillance subtile",
        "image": "https://th9llsxpg16laoh4.public.blob.vercel-storage.com/orgs/org_36FeTg9zAXgGLckp5Gqh7J4OQ8b/images/98c546ea-bc89-414a-8cf0-18e286aa1c4e"
      }
    ]
  }
}