{
  "products": [
    {
      "id": "variant_588c3219d858",
      "title": "Product2",
      "description": "Coquille (Avant): 100% Polyuréthane; Coquille (Retour): 100% Polyester; Corps/ Doublure de capuche: 60% Coton, 40% Polyester; Doublure des manches: 100% Polyester; Remplir: 100% Polyester",
      "price": 50,
      "imageUrl": "https://th9llsxpg16laoh4.public.blob.vercel-storage.com/orgs/org_36FeTg9zAXgGLckp5Gqh7J4OQ8b/images/0ae4f986-1ea9-48c8-b330-948f22f99f29",
      "categoryId": "product_0ad93f8336f0"
    },
    {
      "id": "variant_7bfdfda92a20",
      "title": "Coquille10",
      "description": "Coquille10",
      "price": 20,
      "imageUrl": "https://th9llsxpg16laoh4.public.blob.vercel-storage.com/orgs/org_36FeTg9zAXgGLckp5Gqh7J4OQ8b/images/0ae4f986-1ea9-48c8-b330-948f22f99f29",
      "categoryId": "product_0ad93f8336f0"
    },
    {
      "id": "variant_0d2cce7a2eb9",
      "title": "polo10",
      "description": "polo10",
      "price": 10,
      "imageUrl": "https://th9llsxpg16laoh4.public.blob.vercel-storage.com/orgs/org_36FeTg9zAXgGLckp5Gqh7J4OQ8b/images/fa294d10-4012-482a-8a88-b4064841f5be",
      "categoryId": "product_24b4349a11ff"
    },
    {
      "id": "variant_c3e80540256e",
      "title": "polo",
      "description": "Polo Uniforme en Piqué Fille",
      "price": 25,
      "imageUrl": "https://th9llsxpg16laoh4.public.blob.vercel-storage.com/orgs/org_36FeTg9zAXgGLckp5Gqh7J4OQ8b/images/fa294d10-4012-482a-8a88-b4064841f5be",
      "categoryId": "product_24b4349a11ff"
    },
    {
      "id": "variant_dc59bbf7b9e0",
      "title": "polo20",
      "description": "polo20",
      "price": 20,
      "imageUrl": "https://th9llsxpg16laoh4.public.blob.vercel-storage.com/orgs/org_36FeTg9zAXgGLckp5Gqh7J4OQ8b/images/fa294d10-4012-482a-8a88-b4064841f5be",
      "categoryId": "product_24b4349a11ff"
    },
    {
      "id": "variant_83b295420e93",
      "title": "productcloacked",
      "description": "COUPE : Confortable, il offre un soutien moyen pour les entraînements à impact faible ou moyen et pour les activités sportives quotidiennes\nTOTAL TRAIN : Maille technique extensible d’épaisseur moyenne avec une brillance subtile",
      "price": 200,
      "imageUrl": "https://th9llsxpg16laoh4.public.blob.vercel-storage.com/orgs/org_36FeTg9zAXgGLckp5Gqh7J4OQ8b/images/98c546ea-bc89-414a-8cf0-18e286aa1c4e",
      "categoryId": "product_fedb94b8bd92"
    }
  ],
  "categories": [
    {
      "id": "product_0ad93f8336f0",
      "name": "Product2",
      "description": "Catégorie Product2",
      "image": "https://th9llsxpg16laoh4.public.blob.vercel-storage.com/orgs/org_36FeTg9zAXgGLckp5Gqh7J4OQ8b/images/0ae4f986-1ea9-48c8-b330-948f22f99f29"
    },
    {
      "id": "product_24b4349a11ff",
      "name": "polo10",
      "description": "Catégorie polo10",
      "image": "https://th9llsxpg16laoh4.public.blob.vercel-storage.com/orgs/org_36FeTg9zAXgGLckp5Gqh7J4OQ8b/images/fa294d10-4012-482a-8a88-b4064841f5be"
    },
    {
      "id": "product_fedb94b8bd92",
      "name": "productcloacked",
      "description": "Catégorie productcloacked",
      "image": "https://th9llsxpg16laoh4.public.blob.vercel-storage.com/orgs/org_36FeTg9zAXgGLckp5Gqh7J4OQ8b/images/98c546ea-bc89-414a-8cf0-18e286aa1c4e"
    }
  ],
  "branding": {
    "name": "pluginv2",
    "description": "pluginv2",
    "theme": {
      "primaryColor": "#10b981",
      "secondaryColor": "#1e293b",
      "accentColor": "#06b6d4",
      "fontFamily": "Inter, sans-serif"
    }
  }
}